时间戳,时间,动作,方向,市场,价格,数量,USDC金额,OutcomeIndex
1767040958,25-12-30 04:42:38,BUY,,,0.980000,10.0,9.800000,0
