时间戳,时间,动作,方向,市场,价格,数量,USDC金额,OutcomeIndex
1767040958,25-12-30 04:42:38,BUY,Down,btc-updown-15m-1767040200,0.427389,10.0,4.273885,1
